Period,Annual_Return_Pct,T_Statistic,P_Value,Significant,Months,Data_Type
2000-2009,3.5071081797093444,0.2677174115829995,0.8661412942085003,false,120,Calibrated
2020-2024,-19.63383012382278,-1.6187174589351716,0.23243214065417073,false,58,Real
2010-2019,-14.340037034825665,-2.3484500554260017,0.10010391688887577,true,120,Calibrated
2000-2024 COMBINED,-8.183602717435168,-1.301736380229798,0.32725417249034794,false,298,Calibrated
