Metric,Value,Significance
Mean Monthly Return,-1.636152510318565,n.s.
Annualized Return,-19.63383012382278,n.s.
Volatility,26.665967896833205,
Sharpe Ratio,-0.2125480153405318,
T-Statistic,-1.6187174589351716,n.s.
P-Value,0.1110287637447398,n.s.
